01**,2021년 1월 25일,5,yes,1리터 보틀/1(메뉴 선택(1리터보틀 복숭아아이스티))+1리터 보틀/1(메뉴 선택(1리터보틀 레몬 아이스티)),
ch**,2020년 11월 29일,5,no,1리터 보틀/1(메뉴 선택(1리터보틀 아메리카노))+수제 뚱카롱 오레오/1+（NEW）앙버터토스트（4p）/1,배달도 빠르고 맛있었어요.
kd**,2020년 10월 10일,5,no,아메리카노（4샷）/1(HOT or ICE 선택(ICE)+추가 선택(바닐라시럽 추가))+（NEW）초콜릿 스틱케잌/1+（NEW）카야버터토스트（4p）/1,맛있게잘먹어어어었습니다
lc**,2020년 9월 17일,5,yes,초코라떼/1(HOT or ICE 선택(ICE))+자몽티/1(HOT or ICE 선택(ICE))+블루베리요거트스무디/1,아주맛잇엇어요~~~~~
bb**,2020년 9월 13일,5,yes,수제 뚱카롱 초코우유/2+크림치즈 빅 프레즐/1+（NEW）초콜릿 스틱케잌/1,배닮바르고 달고 맛있어요
bb**,2020년 9월 9일,5,yes,수제 뚱카롱 초코우유/1+수제 뚱카롱 초코 누텔라/2+크림치즈베이글/1,감사합니다. 맛있어요~
lc**,2020년 9월 8일,5,yes,초코라떼/1(HOT or ICE 선택(ICE))+대만 햄치즈 샌드위치/1(사이즈 선택(2P))+（NEW）초콜릿 스틱케잌/1+다크초코케잌/1+블루베리요거트스무디/1,감사합니다. 맛있어요~
ea**,2020년 9월 5일,5,yes,아메리카노（4샷）/2(HOT or ICE 선택(ICE)+추가 선택(추가안함))+크림치즈 빅 프레즐/1,초코라떼 존맛탱🍫🍫🍫🍫
ba**,2020년 8월 17일,5,no,우유 생크림 듬뿍 수제와플/1(맛 선택(생크림만))+아메리카노（4샷）/1(HOT or ICE 선택(ICE)+추가 선택(슈가시럽 추가))+카라멜 마키아토/1(HOT or ICE 선택(ICE)),배달이슬쩍늦은듯하지만ㅋ
rj**,2020년 8월 15일,5,no,우유 생크림 듬뿍 수제와플/1(맛 선택(우유생크림＋애플잼))+수제 뚱카롱 바닐라/1+수제 뚱카롱 오레오/1+수제 뚱카롱 초코 누텔라/1,커피도 크고 와플두 짱맛 생크림듬뿍 넘 좋앗어염♡
ia**,2020년 8월 14일,5,yes,바닐라라떼/1(HOT or ICE 선택(ICE))+악마의초코케익 1조각/1,맛있었어요. 와플이 맛있었고 마카롱은 쏘쏘 나쁘지 않았다!!!
dk**,2020년 8월 4일,5,no,수제 뚱카롱 초코 누텔라/2+수제 뚱카롱 죠리퐁/1+수제 뚱카롱 쿠앤크/1+아메리카노（4샷）/1(HOT or ICE 선택(ICE)+추가 선택(추가안함)),맛있어요 배달도빨리왔어요
dk**,2020년 5월 15일,4,no,우유 생크림 듬뿍 수제와플/1(맛 선택(우유생크림＋누텔라))+티라미스케잌/1+까망베르치즈케잌/1,처음 주문해봤는데 사장님 너무 친절하시고 배달 온 아메리카노 마카롱 다 맛있었어요! 같이 주신 사탕도 잘 먹었습니다. 다음에 또 주문할게요!
pa**,2020년 5월 14일,5,yes,수제 뚱카롱 라즈베리/1+수제 뚱카롱 오레오/1+수제 뚱카롱 초코 누텔라/1+당근생크림/1,케이크가 싱거(?)워요.. 누텔라 생크림 와플은 진짜 진짜 맛있네요
,2020년 5월 2일,5,no,포장마차 수제 버터크림 와플찡/1+일리터 콜드브루라떼/1(추가 선택(추가안함)),배달도 빠르고 케이크도 맛있고 크고 서비스로 주신 사탕도 잘 먹었습니다~~~~
re**,2020년 5월 2일,5,yes,카페모카/1(HOT or ICE 선택(ICE))+슈크림라떼/1(HOT or ICE 선택(ICE)),초록색 새콤달콤한 사탕까지 잘 먹었습니다.
eh**,2020년 4월 24일,5,no,초코라떼/1(HOT or ICE 선택(ICE))+판매1위 체리콕/1+까망베르치즈케잌/1+（NEW）카야버터토스트（4p）/1,배달빠르고좋아요~^^사진은마시다가 급하게찍엇네용ㅎㅎ
ia**,2019년 12월 13일,5,yes,아메리카노（4샷）/1(메뉴 선택(ICE))+（New）카야버터토스트 4p/1,배송도 빠르고 맛있게 잘먹었습니다~
ae**,2019년 11월 17일,5,yes,수제 뚱카롱 황치즈/1+아메리카노（4샷）/1(메뉴 선택(ICE 1샷 추가))+대만 햄치즈 샌드위치1P/1,카야토스트도 실하고 커피도 맛있었어요~ 잘 먹었습니당^^
,2019년 11월 13일,3,no,포장마차 수제 버터크림 와플찡/1+포장마차 수제 초코크림 와플찡/1+포장마차 수제 딸기크림 와플찡/1+타로밀크티/2(메뉴 선택(ICE)),커피배달이되는 좋은세상 맛도 좋네요
la**,2019년 11월 10일,5,yes,판매 1위 체리콕 ICE/1+（New）콩커피코코넛스무디/1,타로밀크티 타로버블티 정말 좋아하시는분들은 제 별점 참고하세요
fb**,2019년 11월 10일,5,yes,복숭아아이스티 ICE/1+（New）콩커피코코넛스무디/1,맛있어요. 양많아요. 말이 필요없습니다.
fb**,2019년 11월 3일,5,yes,포장마차 수제 버터크림 와플찡/1+아메리카노（4샷）/1(메뉴 선택(ICE))+피치스무디/1,요청사항 들어주셔서 감사합니다 맛있게 먹었어용🥰🥰
wo**,2019년 11월 1일,5,yes,바나나프라페/1+죠리퐁프라페/1,피치스무디 맛있다는 리뷰가 있어서 시켰는데 진짜 맛있었어요!! 그리고 양도 많아서 한참동안 먹었습니다ㅋㅋ 앞으로 종종 시켜먹을것같아요
bo**,2019년 10월 30일,5,yes,포장마차 수제 딸기크림 와플찡/1+오레오프라페 /1,요청사항 잘들어주시고 서비스로 주신 사탕 감사합니다 대박나세요!!!
wo**,2019년 10월 28일,5,yes,죠리퐁프라페/1+마약 안들어간 마약 토스트/1,열두시까지 영업인데 열한시 반쯤 주문했는데 와주셔서 넘 조아써용 와플 맛있구 음료도 다른리뷰처럼 양 엄청 많아서 먹다 남겼네요 진짜 나가기 귀찮은 날 또 시킬거에요
la**,2019년 10월 27일,5,yes,크림치즈 빅 프레즐/1+피치스무디/1,😚😚😚😚😚😚😚😚😚😚😚😚😚😚😚
wo**,2019년 10월 25일,5,yes,메로나프라페/1+죠리퐁프라페/1,피치 스무디 맛납니다. 시원하고 ㅈㅁㅌ
wo**,2019년 10월 19일,5,yes,바나나프라페/1+죠리퐁프라페/1,🔚🔚🔚🔚🔚🔚🔚🔚🔚🔚🔚
wo**,2019년 10월 18일,5,yes,죠리퐁프라페/1+발뮤당 식빵 토스트/1,🤗🤗🤗🤗🤗🤗🤗🤗🤗🤗🤗🤗
09**,2019년 10월 17일,5,no,（New）콩커피코코넛스무디/1+（New）앙버터토스트 4p/1,조리퐁라떼 맛있어요
la**,2019년 10월 13일,5,yes,（New）콩커피코코넛스무디/1+크렌베리주스 ICE/1,앙버터토스트맛있고 음료가 진짜크네요 작은사이즈도 있으면 좋을듯
la**,2019년 10월 9일,5,yes,크림치즈 빅 프레즐/1+（New）콩커피코코넛스무디/1,배달도 빠른 편이고 양은 엄청 많고 콩커피 스무디 엄청 맛있어요. 받자마자 쭈욱 해서 사진이..ㅎㅎㅎ
la**,2019년 10월 2일,5,no,（new）대만블랙슈가버블티/1(메뉴 선택(ICE))+（New）콩커피코코넛스무디/1,콩카페 스무디 너무 맛있어서 또 시키네요. 맛있어요
la**,2019년 9월 30일,5,yes,포장마차 수제 딸기크림 와플찡/1+（New）콩커피코코넛스무디/1,배달 빠르고 양도 맛도 최고 입니다.
tn**,2019년 9월 23일,5,yes,포장마차 수제 딸기크림 와플찡/1+카페라떼（4샷）/1(메뉴 선택(ICE 1샷 추가)),생각보다 콩커피 맛있고 양도 많아서 만족합니다.
kh**,2019년 9월 8일,4,no,일리터 콜드브루 라떼 ICE/1+대만 햄치즈 샌드위치1P/1+크렌베리주스 ICE/1+（New）카야버터토스트 4p/1,와플 겁나 달아요 ㅋㅋㅋ 단거 좋아하시는분들에게 추천 ㅋㅋㅋ
,2019년 9월 8일,5,no,포장마차 수제 초코크림 와플찡/1+（New）콩커피코코넛스무디/1,배달도 친절하고 포장도 깔끔했어요 커피 양도 많고 좋았으나 빵이 좀 부드럽지가 않아 아쉬웠어요 카야버터빵은 빵 테두리를 잘라 판매하심 덜 팍팍하려나..싶었어요
jj**,2019년 9월 7일,5,no,포장마차 수제 딸기크림 와플찡/1+수제 뚱카롱 황치즈/1+수제 뚱카롱 초코누텔라/1+마약 안들어간 마약 토스트/1,양이 많아서 좋네요ㅋ 사탕감사합니다
,2019년 9월 7일,5,no,바닐라라떼/1(HOT or ICE 선택(ICE)+추가선택(바닐라시럽 추가))+（new）대만블랙슈가버블티/1(메뉴 선택(ICE))+아쌈홍차밀크티/1(메뉴 선택(ICE))+피치스무디/1,맛있게 잘 먹었습니다
wk**,2019년 9월 6일,5,no,아메리카노（4샷）/1(메뉴 선택(ICE))+자몽에이드 ICE/1,사장님 너무 친절하시고 복숭아가 진짜 맛있었어요 !! 다른 것도 양도 엄청 많고 맛있었구요 태풍이 와서 위험했을텐데도 한방울 흘려지지 않고 왔습니다 고맙습니다
dd**,2019년 9월 6일,5,no,포장마차 수제 버터크림 와플찡/1+아메리카노（4샷）/2(메뉴 선택(ICE))+카페라떼（4샷）/1(메뉴 선택(ICE)+추가선택(슈가시럽 추가))+맛 없을 수 없는 콘치즈 토스트/1,양도 많고 너무너무 맛있어요 ㅋㅋ 사탕도 너무 귀엽고 감사합니아~
dd**,2021년 7월 13일,5,no,카페 모카크림빵（대）/1+연유버터라우겐/1+겹겹이초코퐁당/1+카페모카빵（대）/1,커피 양이 허덜덜ㅋㅋ 카페인 충전하기 딱좋아요. 서비스 막대사탕 감사합니다~
ya**,2021년 7월 13일,4,no,미니컵 아이스크림/1(맛 선택(쿠키앤크림))+순진우유크림빵/1+밤이듬뿍맘모스（소）/1+크로크무슈/1+카라멜 버터 쿠키바/1+리얼브라우니/1,
kt**,2021년 6월 13일,4,yes,순진우유크림빵/1+호두연유바게트/1+추억의 사라다고로케/1+치즈 브라우니/2,품절된 제품이 있다고 연락 주시고 잘 맞추어서 대체해주셔서 감사합니다~ 다음에 또 이용하겠습니다^^
fh**,2021년 6월 13일,5,yes,BELT샌드위치/1+겹겹이 연유크림 데니쉬/1+마구마구 고구마/1,배달 너무느림 로투스 가격대비 너무작음
79**,2021년 6월 10일,5,no,NEW아삭햄치즈패스트리/1+로제치킨 밸런스 샌드위치/1+낙엽소시지브레드/1+연유버터라우겐/1,치즈브라우니 순우유 맛있었음
mc**,2021년 6월 8일,5,no,로제치킨 밸런스 샌드위치/1+콥샐러드/1+미니햄치즈롤 （10개입／봉）/1+부드러운카스테라/1+쁘띠 초코머핀/1+안녕자두야빙빙초코/1+안녕자두야 빙빙딸기/1,배송도 빠르고 빵도 맛있어요
ad**,2021년 5월 18일,5,yes,햄치즈&에그샐러드샌드위치/1+데일리우유식빵/1+밤이듬뿍맘모스（소）/1+까까웨뜨/2+미니햄치즈롤 （10개입／봉）/1,맛나게 잘 먹었습니다.
12**,2021년 5월 18일,5,no,BELT샌드위치/1+바베큐치킨마요롤피자/1+아이스바닐라라떼/1(사이즈선택(라지사이즈)),늘 빠르고 정확한 배달 감사합니다. 항상 맛있게 잘 먹고 있습니다. 번창하시기 바랍니다!
fh**,2021년 5월 17일,4,no,델리박스（샌드위치＋빵랜덤박스）/1+딸기 블랙티/1+그랑드카페 아이스아메리카노/6(사이즈선택(선택안함))+아이스카페라떼/1(사이즈선택(선택안함)),맛있게 잘 먹겠습니다~~
ce**,2021년 5월 9일,5,yes,케이크속에 순우유（1호）/1(케이크칼 선택(케이크칼)+큰초선택(큰초（10개）)+작은초선택(작은초（10개）)+파티용품선택(선택없음)),너무 맛나게 잘 먹었어요
we**,2021년 4월 17일,5,yes,햄치즈&에그샐러드샌드위치/1+안녕자두야빙빙초코/1+안녕자두야 빙빙딸기/1+뚜레쥬르 비비고 소고기죽/1,배달은 빨리 해주셨는데 음료 한잔 누락이요 ㅠㅜ부분취소 해주셨지만 당황
p0**,2021년 4월 14일,5,yes,클래식치즈 케이크（3호）/1(케이크칼 선택(케이크칼)+큰초선택(큰초（0개）)+작은초선택(작은초（9개）)+파티용품선택(선택없음)),배달 빠르고 케이크 마싯
la**,2021년 4월 14일,5,no,마담 얼그레이 크림번/1+사르르 고구마케이크 빵/1+햄치즈&에그샐러드샌드위치/1+그랑드카페 아이스아메리카노/1(사이즈선택(선택안함))+뚜레쥬르가 만든 신선한 초코우유（200ml）/1,항상 빠른배달이었는데 이날은 특히나 더 빨랐습니다. 주문하고 진짜 잠깐 딴짓했는데 아래에서 벨누르셔서 깜짝 놀랐어요ㅎㅎ 항상 빠르게 맛있는 빵을 먹을 수 있어서 늘 만족입니다. 고맙습니다.
kk**,2021년 4월 13일,5,yes,카라멜 버터 쿠키바/1+못난이통팥소보로/1+겹겹이초코퐁당/1+카페모카빵（대）/1+슈크림소보로/1,치즈케이크 잘 먹었어요^^
tm**,2021년 4월 12일,5,yes,카라멜애플파이/1+BELT샌드위치/1+리코타 그릴치킨 샐러드/1+베이비슈（3개）/1+허니카스테라/1,맛있네요 자주시켜먹을게여
p0**,2021년 4월 9일,5,no,에그타르트/2+떠먹는쁘띠티라미수/1+리얼브라우니/1,배달 빠르고 알바생 친절해서 좋아요!!!
ji**,2021년 4월 3일,5,yes,완두앙금빵/2+카페 모카크림빵（대）/1+낙엽소시지브레드/2+복숭아자두스무디/1,항상 감사합니다~ 좋아요
kk**,2021년 4월 2일,5,yes,못난이통팥소보로/1+겹겹이초코퐁당/1+마담 얼그레이 크림번/1+밤이듬뿍맘모스（소）/1+진한 녹차 브라우니/1,맛있어용~~~~!~!
hy**,2021년 3월 31일,5,yes,부드러운후레쉬크림샌드빵/1+베이비슈（3개）/3,맛있게 잘 먹었습니다
yu**,2021년 3월 30일,5,no,마담 얼그레이 크림번/1+크로크무슈/1+피자토스트/1+리얼브라우니/2,쪽지 넘 감동이에여ㅜㅜ 배달하기전에 전화도 주시고ㅠㅠ 힝힝 너무 감쟈합니다 ♥︎ ♥︎ ♥︎ 칼퇴하세용 ♥︎
mo**,2021년 3월 21일,5,yes,단팥소보로빵/1+호두연유바게트/1+미니햄치즈롤 （10개입／봉）/1+그랑드카페 아이스아메리카노/1(사이즈선택(선택안함)),맛있는 빵 너무 잘 도착했어요~ :)
ol**,2021년 3월 19일,4,yes,부드러운카스테라/1+리얼초코소라빵/2+미니햄치즈롤 （10개입／봉）/1+카라멜애플파이/2,맛잇어요~~~~~~
he**,2021년 3월 17일,5,yes,리코타 그릴치킨 샐러드/1+아이스아메리카노＋B.E.L.T 샌드위치/1+콥샐러드/1,마스크도 보내주셨네요☺️ 맛있게 잘 먹었습니다~~
fh**,2021년 3월 16일,4,no,미니밤식빵（소）/1+밤이듬뿍맘모스（소）/1+햄치즈&에그샐러드샌드위치/1,빵이 몇개 남아있는지 몰아서 애플파이 2개시켜는데 1잒에 없어서 대중시켜서 아쉬운게 있네요ㅠ 애플파이 맛있어요~ 초코코로네 도 다른데보다 맛있다고 해요~약14000₩정도 샀는데 이정도라면 좋은것 같아요 햄치즈롤도 양많고 빵이 쫄깃하게 되어서 맛있어요~
ks**,2021년 3월 15일,5,yes,딸기듬뿍우유브레드/1+딸기생크림소보로/1+딸기생크림크라상/1+겹겹이초코퐁당/1+밤이듬뿍맘모스（소）/1,샐러드 아주 훌륭..
ci**,2021년 3월 14일,5,no,딸기라떼/1+옥수수범벅/1+엄마랑 장볼 때 먹던 그때 그 도나쓰（5개입）/1+미니햄치즈롤 （10개입／봉）/1+쁘띠 초코머핀/1+안녕자두야빙빙초코/1+안녕자두야 빙빙딸기/1,배달도 빠르고 샌드위치 넘 맛있게 먹었어요!! 믿고 먹는 뚜레쥬르!!
el**,2021년 3월 10일,5,yes,겹겹이초코퐁당/1+추억의 사라다고로케/1+햄치즈&에그샐러드샌드위치/1+콥샐러드/1+뚜레쥬르가 만든 신선한 우유 （930ml）/1,너무너무 바쁜 시간에 전화도 잘 받아주시고 친절하게 대해주시고 문제 해결도 해주셨습니다 진심 감사드립니다
ve**,2021년 3월 10일,5,no,딸기와 우유생크림 2호/1(케이크칼 선택(케이크칼)+큰초선택(큰초（10개）)+작은초선택(작은초（0개）)),늘 빠른 배달 감사합니다. 지난번에도 그렇고 이번에도 빵 정말 맛있게 잘먹었습니다.
is**,2021년 3월 5일,5,no,딸기생크림소보로/1+초코 듬뿍 초클레어/1+겹겹이초코퐁당/1+호두연유바게트/1+분다버그 （진저비어）/1+리얼브라우니/1,덕분에 집 밖 안나가고 간편하게 먹었어요ㅎㅎ
is**,2021년 3월 1일,5,yes,딸기듬뿍우유브레드/2+딸기연유생크림몽블랑/2+통우유식빵（Half）/1,배달빠르고 친절해요
su**,2021년 2월 20일,5,yes,딸기생크림소보로/1+빵속에우유퐁당/1+크랜베리애플크림치즈/1+황금파이만주/1+뚜레쥬르가 만든 신선한 우유 （930ml）/1,사장님 저 분다버그 진저비어 시켰는데 다른맛이 왔어요 ㅠ 시간이 늦어 그냥 먹는데.. 다음엔 진저비어로 꼭 부탁 드려요 ㅜㅜ
mu**,2021년 2월 20일,5,yes,딸기듬뿍우유브레드/1+딸기연유생크림몽블랑/1+딸기생크림소보로/1,이 비오는날 날씨도 안좋은데 배달도 빨리해주시고 빵도 맛있고 배달기사님도 친절 하셨어요 감사합니다 번창 하세요
ls**,2021년 2월 19일,5,no,앙버터라우겐/1+마담 얼그레이 크림번/1+밤이듬뿍맘모스（소）/1+호두연유바게트/1,뚜레쥬루는 진짜 짱짱 아주 잘 먹었어요
fh**,2021년 2월 19일,5,yes,폭신폭신우유브레드/1+빵속에우유퐁당/1+生生생크림식빵/1+바통쉬크레 （5개）/1,배달도 빠르고 맛난 빵 잘먹었습니다~
ol**,2021년 2월 18일,5,yes,폭신폭신우유브레드/1+순진우유크림빵/1+카페 모카크림빵（대）/1+낙엽소시지브레드/1,호두연유바게트랑 마담얼레이크림번 강추입니당❤️
lm**,2021년 2월 17일,5,yes,딸기듬뿍우유브레드/1+데일리우유식빵/1+미니햄치즈롤 （10개입／봉）/1+로제치킨 밸런스 샌드위치/1+쁘띠 초코머핀/1+안녕자두야빙빙초코/1,그 사이 매진된 빵 때문에 친절히 전화주셔서 감사합니다.
ia**,2021년 2월 6일,5,yes,빵속에우유퐁당/1+쫄깃한찹쌀도넛/2+떠먹는쁘띠티라미수/1,주문한 제품 품절됐다고 직접 전화주시고 서비스도 넣어주셔서 기분좋게 잘먹었어요 감사합니다^^
db**,2021년 2월 2일,5,yes,베리베리 건강브레드（대）/1+필라델피아크림치즈플레인/1+겹겹이초코퐁당/1,배달도 정말 빠르고 빵 맛도 너무 좋았어요. 이 샌드위치 처음 먹어봤는데 다음에도 또 먹을 것 같아요! 그리고 냉장보관 해야하는 빵을 표시해달라고 요청드린것도 너무 잘 표시해주셔서 감사합니다!!!!
cg**,2021년 2월 2일,5,no,우유카라멜이 즐겁소/1(큰초선택(큰초（3개）)+작은초선택(작은초（0개）)),요거요거아주맛나네요
la**,2021년 1월 20일,5,no,그랑드카페 아메리카노（HOT）/1+그랑드카페 아이스아메리카노/2+딸기스무디/1,배송 빨라서 좋아요 건강빵 맛았네요
di**,2021년 1월 18일,5,no,티라미수롤케이크/1,잘 먹었습니다. 다음에 또 주문할께요
kk**,2021년 1월 17일,5,no,데일리우유식빵/1+미니밤식빵（소）/1+단팥소보로빵/1+슈크림빵/1+오리지널 크라상/1+황금파이만주/1+카라멜애플파이/1,항상 맛있게 잘먹고 있습니다
w7**,2021년 1월 16일,3,no,베리베리 건강브레드（대）/1+소보로빵/2+아이스카라멜마끼아또/1+클래식치즈케이크（조각）/1,선물하려고 급하게 주문했는데 빠르게 보내주셔서 감사합니다!
to**,2021년 1월 10일,5,yes,못난이 감자치즈（3개입）/1+크로크무슈/1+피자토스트/1+떠먹는쁘띠티라미수/1+리얼브라우니/1,좋아요좋아요좋아요굿굿굿
kk**,2021년 1월 10일,5,yes,마담 얼그레이 크림번/1+코코넛 로쉐/2+베리베리 건강브레드（대）/1+한겹한겹촉촉한밀크브레드/1+슈크림소보로/1+NEW 정통고로케/1,..........
al**,2021년 1월 8일,5,yes,데일리우유식빵/1+겹겹이 데니쉬/1+연유버터라우겐/1+슈크림빵/1+NEW어니언소시지포카치아/1+베이비슈（3개）/1,맛있어요~~~~!!!
sz**,2021년 1월 6일,4,yes,달콤바삭 연유스틱/1+피자토스트/1+햄치즈&에그샐러드샌드위치/1+떠먹는쁘띠티라미수/1,뚜레쥬르 배달되니 넘 좋네요~~맛있게 잘 먹었습니다~^^
ia**,2021년 1월 6일,5,yes,옛날 꽈배기 도넛/2+촉촉한초코가나슈/1+레몬마카롱/1+초코마카롱/2,잘 먹었습니다~~~
jo**,2021년 1월 5일,5,yes,앙버터라우겐/1+연유버터라우겐/1+옛날 꽈배기 도넛/1+아이스카라멜마끼아또/1+아이스바닐라라떼/1,가루가 너무 떨어져서 티라미수는 따로 포장해주시는게 좋을것 같아용
ka**,2021년 1월 5일,5,yes,앙버터라우겐/1+카페카야번/1+BELT샌드위치/1+에그쉬림프샌드위치/1+아이스카라멜마끼아또/1,배달 빠르고 좋네요~~^^
ce**,2021년 1월 4일,5,no,겹겹이 데니쉬/2+겹겹이 연유크림 데니쉬/2,빠르고 좋아요^^!!
gh**,2020년 12월 20일,5,no,진한 녹차 브라우니/1+못난이통팥소보로/1+카페카야번/1+쫄깃한찹쌀도넛/2+리얼브라우니/1,맛있게 잘 먹었어요
gh**,2020년 12월 19일,5,yes,바로굽는 토스트식빵/1+미니밤식빵（소）/1+못난이통팥소보로/1+카페 모카크림빵（대）/1,배달도 빠르고 기사님이 정말 친절하셨어요. 빵도 너무 맛있게 지금 먹고 있습니다. 수고 하세요.
er**,2020년 11월 30일,5,no,앙!호두 버터 샌드/1+마담 얼그레이 크림번/1+앙버터라우겐/1+호두연유바게트/1,뚜레쥬르 말해모해ㅎㅎ
gh**,2020년 11월 23일,5,no,호두연유바게트/2+추억의 사라다고로케/2,튀김소보루 모카크림빵 맛있어요 밤식빵도 작은 것이 있어 혼자 먹기 좋아요
de**,2020년 11월 19일,5,no,통우유식빵（Half）/1+밤이듬뿍밤모스（소）/1+카페 모카크림빵（대）/1+추억의 사라다고로케/1,새로운 메뉴에 도전했는데 맛있었어요
pe**,2020년 11월 16일,5,no,밤이듬뿍밤모스（소）/1+호두연유바게트/1+까까웨뜨/2+추억의 사라다고로케/1,뚜레쥬르에서 제일 좋아하는 두제품 맛있어요
he**,2020년 10월 27일,5,no,클래식롤케이크/1+순우유 딸기무스（1호）/1(케이크칼 선택(케이크칼)+큰초선택(큰초（0개）)+작은초선택(작은초（0개）)+파티용품선택(케이크 토퍼 - CONGRATS)),배달도 빠르구 빵들도 너무 맛있네요. 감사해요~~ 번창하세요
st**,2020년 10월 19일,4,no,빵긋랜덤박스/1+딸기스무디/1,호두 연유바게트랑 샐러드빵 좋아하는데 샐러드빵이 다른 매장에 비해 너무 작은것 같아 아쉬웠어요
eu**,2020년 10월 5일,5,yes,치즈방앗간（3개）/1+후레쉬크림빵/2+옥수수범벅/1+호두연유바게트/1+로제치킨 밸런스 샌드위치/1,케잌이 옆으로 쏠려서 상자에 붙어서 왔어요..... 토핑된 딸기도 옆으로 다 떨어져있고 ㅠ 배송이아쉬웠지만 케잌은 맛있게 먹었습니다!!
0h**,2020년 9월 28일,5,yes,오!해피 한라봉&오렌지 케이크/1(케이크칼 선택(케이크칼)+큰초선택(큰초（1개）)+작은초선택(작은초（2개）)+파티용품선택(선택없음)),가격이나 상자 크기에 비해 기대했던 양보다 많이 적다고 느껴져서 아쉬웠습니다. 총 5개 제품이 왔네요. -일반 빵 3개(주문표에 가격으로 5000원 상당) -신제품 삥 2개(표엔 정보가 없어 인터넷 검색으로 각각 4000원 3000원 대쯤) 다음에 시킬일이 있을진 모르겠는데 다음에 시킨다면 신제품은 빼고 무엇무엇 위주로 넣어주실수 있는지 문의 넣어보겠습니다.
ev**,2020년 9월 20일,5,no,베리베리 건강브레드（대）/1+못난이통팥소보로/1+완두앙금빵/1+호두연유바게트/1+NEW 정통고로케/1,서비스도 주시고 감사히 잘 먹었습니다
ys**,2020년 9월 19일,5,yes,순수한맛 순우유식빵/1+쫄깃한찹쌀도넛/2+콥샐러드/1,배달도 빠르고 맛있게 먹었습니다
ra**,2020년 9월 17일,5,no,코코넛 로쉐/2+엄마랑 장볼 때 먹던 그때 그 도나쓰（5개입）/1+통우유식빵（Half）/1+미니햄치즈롤 （10개입／봉）/1+리얼브라우니/1,맛있게 잘먹었습니다
eu**,2020년 9월 16일,5,yes,뚜레쥬르 비비고 소고기죽/1+뚜레쥬르 버섯야채죽/1+콥샐러드/1,정말 맛있었요~^^
mu**,2020년 9월 16일,5,no,크랜베리애플크림치즈/1+연유버터라우겐/1+밤이듬뿍밤모스（소）/1+낙엽소시지브레드/1+단팥소보로빵/1,너무 맛있게 잘먹었어요. 배달도 빠르고 좋아요~
ya**,2020년 9월 16일,5,yes,달콩찹쌀브레드/1+단팥빵/1+단팥소보로빵/1+옥수수범벅/2+NEW 정통고로케/1,깔끔한포장 신선한 야채 잘먹었습니다
de**,2020년 9월 16일,5,no,치즈방앗간（3개）/1+호두연유바게트/1+한겹한겹촉촉한밀크브레드/1+바통쉬크레 （5개）/1,빵도 아주 맛있고 배달도 빨랐습니다.
kk**,2020년 9월 3일,5,yes,구운치즈케이크 빵/1+치즈방앗간（3개）/1+슈크림소보로/1+옥수수범벅/1+호두연유바게트/1,잘 먹었습니다!!!
yo**,2020년 8월 13일,5,no,미니밤식빵（소）/1+단팥소보로빵/1+옥수수범벅/1+완두앙금빵/1+카페모카빵（대）/1,예상시간에 딱 맞춰서 배달 되었네요.
sh**,2020년 8월 9일,5,yes,에그톡 크로크마담/1+달콤바삭 연유스틱/1+피자토스트/2+NEW 김치고로케/1,역시 빵은 파리...보다 뜨레쥬르네요 다양한 빵종류와 고급스런 맛... 근데 왜 이렇게 매장수가 적은지... 아쉬워요 넘넘 맛있게 잘 먹었슴다 특히 치즈방앗간 짱짱 이네요~
,2020년 8월 7일,5,yes,한겹한겹촉촉한밀크브레드/1+로제치킨 밸런스 샌드위치/2,맛있게 잘 먹었습니다
qw**,2020년 8월 7일,5,yes,데일리우유식빵/1+밤이듬뿍밤모스（소）/1+슈크림빵/1+단팥빵/1+카페 모카크림빵（대）/1,맛있었어욤~~~~!
hy**,2020년 8월 2일,5,yes,고메버터식빵/1+구운치즈케이크 빵/1+몽블랑의 정석/1,낼 아침으로 먹으로 샌드위치 시켰는데 내용물이 실하네요. 잘 먹겠습니다.
ml**,2020년 7월 11일,5,yes,낙엽소시지브레드/2+피자토스트/2+완두앙금빵/1+NEW빵속에순우유/1,배달 빨리 잘 받았습니다 서비스 감사합니다!
yo**,2020년 6월 30일,5,yes,앙버터라우겐/2+피자토스트/1+NEW어니언소시지포카치아/1+카라멜애플파이/1+바닐라 카라멜 뚱카롱/1,맛있어요!!!!!!
us**,2020년 6월 28일,5,no,사르르 우유크림빵/1+연유버터라우겐/1+NEW어니언소시지포카치아/1+에그타르트/2+치즈 브라우니/1,배달도 빨리 오고 맛있게 잘 먹었습니다 서비스로 쿠키?도 와서 좋았어요ㅎ
th**,2020년 6월 21일,5,no,달콤바삭 연유스틱/1+NEW빵속에순우유/1+로제치킨 밸런스 샌드위치/2,바로 보내주셔서 엄청 빨리 배달 받았습니다. 저녁에 시켰는데도 빵들이 신선하고 맛있었어요. 앙버터나 마카롱도 녹지 않은 상태로 무사히 받았습니다. 감사합니다.
ch**,2020년 6월 19일,5,yes,데일리우유식빵/1+사르르 고구마케이크 빵/1+리얼초코소라빵/1+호두연유바게트/1+티라미수 뚱카롱/1,버터 더 많이 주셨으면 젛았울텐뎅..그래도 넘나 맛나게 먹어떠여 감사하합니댱
hu**,2020년 6월 18일,5,no,올때메로나 빵/1+열두가지 곡물 식빵/1+사르르 고구마케이크 빵/1+카페모카빵（대）/1,예상시간보다 훨씬 빨리 왔어요. 아직 먹기전이지만 맛있을거같아요.
ke**,2020년 6월 15일,2,no,빵속에메로나/1+사르르 우유크림빵/1+밤이듬뿍밤모스（소）/1+피자토스트/1+바닐라 카라멜 뚱카롱/1,직접 받진 않았지만 아이들이 잘먹어서 못먹어봤어요 ㅎㅎ
im**,2020년 6월 14일,5,no,쁘띠복숭아케이크/1+그랑드카페 아이스아메리카노/2,배송빠르고 디저트류가 너무 맛있었어요! 티라미수랑 곡물식빵!
wi**,2020년 6월 14일,4,yes,샤르르 우유 쉐이크/1+치즈방앗간（3개）/1+황금파이만주/1+그랑드카페 아이스아메리카노/1+아이스카페라떼/1,우유크림빵 빵속에 메로나 둘다 크림빵인데 다른곳에서 먹을땐 크림이 꽉 차 있던데 여긴 반 밖에 안들어 가 있네요 넣다 말았네요 ㅎㅎ
mu**,2020년 6월 13일,5,no,베리 코코빙수（우유얼음）/1+앙버터 뚱카롱/1+산딸기마카롱/1,커피 맛있고 케익도 맛있네요
b-**,2020년 6월 13일,5,no,달콤바삭 연유스틱/1+갈릭퐁당브레드（대）/1+로제치킨 밸런스 샌드위치/1+뚜레쥬르가 만든 신선한 초코우유（200ml）/1,음료 빨대 안주셨어요.ㅠㅠ
al**,2020년 6월 13일,5,yes,봉쥬르 뚜레쥬르/1+단팥빵/1+겹겹이 치즈스틱/1+호두연유바게트/1+오리지널 크라상/1,오케이요 고맙습니다! !
kk**,2020년 6월 12일,5,yes,앙버터라우겐/1+연유버터라우겐/1+밤이듬뿍밤모스（소）/1+부드러운후레쉬크림샌드빵/1,맛있게 잘먹었습니다~!!!
si**,2020년 6월 11일,5,no,바통쉬크레 （5개）/4+카라멜애플파이/1,품절된것 원하는것으로 바꿔주셔서 감사해요~~
,2020년 6월 10일,4,yes,치즈방앗간（3개）/1+피자토스트/2+리얼브라우니/2,크림빵 배달이 잘못와서 전화했는데 바로 금액환불 해주시고 잘응대해주셔서 괜찮았어요. 그외에는 빵도 맛있고 배달도 빨랐어요
ie**,2020년 6월 10일,5,yes,연유버터라우겐/1+사르르 고구마케이크 빵/2+바베큐치킨마요롤피자/1+옥수수범벅/1+NEW 김치고로케/1+뚜레쥬르가 만든 신선한 딸기우유（200ml）/2,넘 맛있고 손편지 감사합니다~
he**,2020년 6월 9일,5,yes,얼려먹는 메로나 아이스박스/1,맛있는데 피자토스트 너무 오래구우신거 같아요 너무 질겨요ㅠㅠㅠ
sc**,2020년 6월 8일,4,yes,사르르 우유크림빵/1+폭신폭신 모닝롤/1+구운치즈케이크 빵/1+순수한맛 순우유롤（봉）/1,배달은 좀 느렸지만 잘 먹었어요
78**,2020년 5월 19일,5,yes,연유버터라우겐/1+낙엽소시지브레드/1+부드러운후레쉬크림샌드빵/1+단팥소보로빵/1,배달도 예상 시간 보다 훨씬 빨리 왔고 예쁘게 써주신 손편지 덕분에 더 기분 좋게 받은 거 같아요 감사합니다 😊
kk**,2020년 5월 18일,5,yes,연유버터라우겐/1+빵속에리얼초코/1+낙엽소시지브레드/1+카페 모카크림빵（대）/1,배달이 무지 빨리와서 좋았어요
78**,2020년 5월 18일,5,yes,못난이통팥소보로/2+달콤바삭 연유스틱/2+바통쉬크레 （5개）/1+황금파이만주/2,맛있게 잘 먹었습니다
mu**,2020년 5월 17일,5,yes,치즈방앗간（3개）/1+치즈 브라우니/1+피자토스트/1+NEW 김치고로케/1+리얼브라우니/1,맛있게 잘 먹었습니다
wh**,2020년 5월 17일,5,yes,추억의 사라다고로케/1+렛츠트위스트/1+바통쉬크레 （5개）/2+황금파이만주/2,넘 맛있게 잘먹었어요~ 사은품도 감사합니다~
,2020년 5월 17일,5,yes,통우유식빵（Half）/1+호두연유바게트/1+맛있게 뜯어먹는 순우유쉬폰/1,배달 빠르구 맛있어요ㅎㅎ
78**,2020년 5월 17일,5,yes,밤이듬뿍밤모스（소）/1+슈크림소보로/1+호두연유바게트/1+NEW어니언소시지포카치아/2,빵들이 느무느무 맛있네요~~~ 재주문 들어갑니다~~^^
ch**,2020년 5월 16일,5,yes,밤이듬뿍밤모스（소）/1+낙엽소시지브레드/2+NEW어니언소시지포카치아/1+황금파이만주/2,잘 받았습니다. 사진은 하나만 찍어서 너무 크게 나오겠네요^^
wh**,2020년 5월 16일,5,yes,라즈베리 웨이퍼 샌드/1,슈크림 소보로도 진짜 맛있네요^^요며칠 간식으로 잘먹었습니다^^
jn**,2020년 5월 15일,5,yes,밤이듬뿍밤모스（소）/3+카페 모카크림빵（대）/1,뚜레쥬루 짱 잘먹었습니다
sm**,2020년 5월 15일,5,yes,담백한부추계란빵/2+치즈마블데니쉬/1+로제치킨 밸런스 샌드위치/1,웨이퍼 샌드 한개 주문했는데 사장님이 손편지와 함께 리뷰이벤트 쿠키를 똭~ 넣어주셨어요~~감사감사~ 심지어 이벤트쿠기가 크고 맛있기까지 하네요~ㅎㅎ
78**,2020년 5월 15일,5,yes,구운치즈케이크 빵/1+담백한부추계란빵/1+치즈방앗간（3개）/1+슈크림소보로/1+황금파이만주/1,배달도좋았고 빵역시맛있어요
ys**,2020년 5월 15일,5,yes,매콤달콤소시지/1+빵속에리얼초코/1+카페 모카크림빵（대）/1+부추잡채고로케/1+쫄깃한찹쌀도넛/1+에그타르트/2,품절로 변경되어 받은 크로크무슈 먹고있는데 진짜 맛나네요^^비오는데도 배달도 무척 빠르고 잘받았어요~~
99**,2020년 5월 15일,5,yes,요거트 웨이퍼 샌드/1,여기 빵 너무 맛있어여♡♡
wh**,2020년 5월 15일,5,yes,BELT샌드위치/1+콥샐러드/1+뚜레쥬르가 만든 신선한 우유（200ml）/1,맛있어요 배달도 적당한 시간레 왔어요
wh**,2020년 5월 14일,1,no,빵긋랜덤박스/1,손편지받으니 더 기분 좋아요~ 감사~^^
wj**,2020년 5월 14일,5,yes,담백한부추계란빵/1+치즈마블데니쉬/1+밤이듬뿍밤모스（소）/1+호두연유바게트/1,깔끔하고 빠른배송 역시 뚜르 굿
ka**,2020년 5월 13일,5,yes,밤이듬뿍밤모스（소）/1+호두연유바게트/1+NEW어니언소시지포카치아/1+BELT샌드위치/1,음식이 많이 안맞아도 장사하시는 분들 생각해서 안좋은 후기는 잘 쓰지않습니다. 그런데 해도해도 너무해서 후기를 쓰네요. 아무리 배달이지만 딱딱하게 굳은빵을 먹으라고 보내셨나요?매장에서 손님들이 안사가니까 처리하시는가보죠? 딱딱한 토핑과 오래된 색상. 분명히 전일빵인데 아니라고 하시니 그건아니라해도 이런상태의 빵을 보내시는건 아닙니다.당일에 만들었어도 먹지 못할빵을 보내는게 이상한거구요 이렇게 배달로 묵은빵 처리하는 방법으로 장사하지마세요. 그리고 랜덤빵이 오는거지 쿠기는 왜 구성에 들어가있죠?쿠키류가 빵인가요?빵종류라고 써있잖아요!
12**,2020년 5월 13일,5,yes,치즈 브라우니/1+앙버터라우겐/1+낙엽소시지브레드/1+크로크무슈/1+리얼초코소라빵/1,오늘은 배달예정시간을22분이나 남기고 왔어요 진짜 완벽합니다^^부추계란빵과 치즈 마블데니쉬 강추해요!!내일도 주문할듯요^^
oh**,2020년 5월 13일,5,yes,구운치즈케이크 빵/1+통우유식빵（Half）/1+바로굽는 토스트식빵/1+호두연유바게트/1,아쥬 빠른 배달 잘 받았습니다 종종 시키려고요 파바보다 전체적으로 더 맛나요^^
ek**,2020년 5월 12일,5,yes,치즈 브라우니/1+통우유식빵（Half）/1+사르르 고구마케이크 빵/1+밤이듬뿍밤모스（소）/2,처음 시켜봤는데 괜찮네요 또 시킬께요~
ji**,2020년 5월 12일,5,no,연유버터라우겐/1+후레쉬크림빵/1+피자토스트/1+NEW어니언소시지포카치아/1+NEW 김치고로케/1+리얼브라우니/1,맛있고 배달도 빨리 왔어요 호두연유바게트는 역시 뚜쥬 짱
tq**,2020년 5월 11일,5,yes,밤이듬뿍밤모스（소）/1+부드러운후레쉬크림샌드빵/1+NEW어니언소시지포카치아/1+미니치즈롤（봉）/1,배송도 빠르고 맛있게 먹었어요
01**,2021년 5월 26일,5,no,뼈해장국/1,맛있어요 또 시킬게욤 ㅎㅎ
eu**,2021년 3월 24일,5,no,뼈해장국/1,배달 완전 빠르구요 ㅎㅎ 새로나온 밤듬뿍 맘모스 진짜 맛있어요 ㅠㅠ 두개 시킬걸....
01**,2021년 3월 9일,5,yes,뼈다귀전골（감자탕）/1(사이즈 선택(大)+사리 추가선택(수제비 추가)),
js**,2021년 2월 8일,4,no,뼈해장국/1,잘먹었습니다 고가가많아요
a0**,2020년 12월 26일,5,no,뼈찜/1(사이즈 선택(大)),집에 들어오는 길에 포장해왔는데 반찬도 많이 주시고 맛있게 잘 먹었어요^^
js**,2020년 8월 31일,5,no,뼈다귀전골（감자탕）/1(사이즈 선택(小)),양도 많고 맛있었어요~!
tj**,2020년 4월 9일,5,yes,뼈해장국/2,평범한 뼈해장국입니다. 뼈에살이많이붙어있네요 ㄷㄷ 쏘쏘해서 담에 생각나면 다시 시켜먹을만해요
su**,2020년 3월 22일,5,yes,뼈찜/1(사이즈 선택(大)),4명이서 먹었는데 딱 맞았어요😚😚 짱 맛있었어여 증말루 잘 먹었습니다~!!!!
su**,2020년 3월 22일,4,no,뼈찜/1(사이즈 선택(中)),개인적으로 제가 먹었던 감자탕중에서 제일 맛있던 가게예요 가까워서 먹으러 많이가고 가게도 깨끗하고 사장님도 너무 착하세요 시국이시국인지라 처음으로 배달시켰는데 맛은 여전히 맛있어요 여기는 감자탕 고기가 정말 부드럽고 관리를 잘한다는 느낌이 들 정도로 고기가 너무 부드럽고 소짜리도 2명이 충분히 먹을양 됩니다 오늘도 맛있게 잘 먹었습니다
ap**,2020년 2월 7일,5,no,뼈찜/1(사이즈 선택(大)),늘 먹던 곳이 닫아서 여기시 시켰는데 우거지도 맛있고 살도 적당히 있어서 좋았습니다. 뼈해장국 먹고싶으면 앞으로 여기서 시켜야겠습니다. 덕분에 좋은 하루 마무리합니다.
su**,2021년 4월 5일,5,no,뼈해장국/2,뼈찜 항상 맛나게 먹고 있어요.
tt**,2021년 4월 3일,4,yes,뼈해장국/2,뼈에붙은살도많고양도 많은편이고맛도 괜찮아요.. 아쉬운점이 있다면 양념농도가 좀더 진하게느껴지지않음.. 자극적인 매운맛은 아니었어요~
ap**,2021년 4월 2일,4,no,콥샐러드/1,가게 가서 먹거나 포장 해서 오다가. 요즘 시국이 시국이라 첨으로 요기요에서 할인받고 배달시켜 먹으니 편하고 좋네요. 개인적으로는 감자탕보다 뼈찜 맛집인듯요. 양도 많아서 4명이 다 못먹고 남겼어요. ㅜㅜ 배달도 30분안에 일찍와서ㅠ만족합니다.
jy**,2021년 3월 27일,4,yes,낙엽소시지브레드/3+크로크무슈/2,가까워서 배달빠르고 맛도좋았어요 국물이 쫌더 걸쭉?했으면 좋을꺼같아요 아이면 참깨가루인가? 이름이 기억안나는데 그것도 왔으면 좋을꺼같아요
vh**,2021년 3월 25일,4,yes,콥샐러드/2,양 너무 많고 푸짐하게 잘먹었습니다!! 맛은물론 맛있었죠~ 전날 술은 안먹었지만 왠지 해장이 되는 느낌이 드네요! 다음엔 술한잔 먹은 다음날 주문한번 해야겠어요!! 정가네감자탕 단골해도 될까요? 다음엔 부대찌개도 한번 먹어볼게요~ 사장님 맛있는 음식 맛있게 잘먹었습니다!!
jo**,2021년 3월 25일,5,yes,밤이 듬뿍 맘모스（대）/1+부드러운후레쉬크림샌드빵/1+리얼초코소라빵/2,
ki**,2021년 3월 24일,5,yes,퐁당 리얼 쇼콜라/2+낙엽소시지브레드/3,오늘 산 샐러드는 엄청 싱싱했어요~~!! 소스 너무 맛있어요~
ok**,2021년 3월 23일,5,yes,퐁당 리얼 쇼콜라/1+카페모카빵（대）/1+엄마랑 장볼 때 먹던 그때 그 도나쓰（5개입）/1+밤이 듬뿍 맘모스（대）/1,맛있게 잘 먹었엉르
am**,2021년 3월 22일,5,no,단팥빵/1+부드러운카스테라/1+뚜레쥬르가 만든 유기농토마토주스/1+떠먹는쁘띠티라미수/1,양상추가 중간중간 갈변한게 있어서 빼고먹었어요 소스가 맛있고 다른재료들도 싱싱하게 잘먹었습니다
ha**,2021년 3월 22일,4,no,달콩찹쌀브레드/1+소보로빵/1+밤이 듬뿍 맘모스（대）/1+부드러운후레쉬크림샌드빵/1,맛있게 잘먹었습니다.
eo**,2021년 2월 21일,1,no,단팥빵/1+쫄깃한찹쌀도넛/1+후레쉬크림빵/1+NEW 정통고로케/1+추억의 사라다고로케/1+뚜레쥬르가 만든 신선한 우유 （930ml）/1,맛있게 잘 먹었습니다
1t**,2021년 1월 13일,4,no,달콩찹쌀브레드/1+카페카야번/1+단팥소보로빵/1+오리지널 크라상/1+새콤달콤유자파이/1,맛있게 잘먹었습니다 ~~
wl**,2021년 1월 8일,4,yes,치즈방앗간（3개）/1+BELT샌드위치/1+연유크림라떼 ICE/1,빠르게 잘왔구요 맛있게 먹었습니다
li**,2021년 1월 8일,5,no,못난이통팥소보로/1+밤이 듬뿍 맘모스（대）/1+슈크림빵/2+추억의 사라다고로케/1+크로크무슈/1+그랑드카페 아메리카노（HOT）/1,싸게샀어요~~~~~~~
li**,2020년 12월 19일,5,no,티타임 카라멜 호두 파운드/1+치즈방앗간（3개）/1+밤이 듬뿍 맘모스（대）/1+몽블랑의 정석/1,맛있게 잘 먹었습니다.
mo**,2020년 12월 17일,5,yes,초코마카롱도넛/1+엄마랑 장볼 때 먹던 그때 그 도나쓰（5개입）/1+호박패스트리식빵/1+햄&포테이토샐러드샌드위치/1+그랑드카페 아메리카노（HOT）/1,뚜레쥬르 내 단골메뉴 유자파이는 변함없이 제일 맛있구~~ 달콩찹쌀브레드랑 단팥소보로도 은근히 존맛임~~ 카페카야번이랑 크로상 두 개만 그냥 그냥이거나 별로여서 사진없음... 배달은 생각보다 빨리와서 기분 아주 UP~~ 재주문은 당연히 해야지♡♡
wl**,2020년 10월 18일,5,no,그랑드카페 아이스아메리카노/5+떠먹는쁘띠티라미수/2+맛있게 뜯어먹는 순우유쉬폰/1,포장은 눈에 보이는게아니라 맛을 위해서 한다는 말씀 ^^근데 치즈방아간 눅눅하네요 뭐 코로나때문에 어쩔수 없겠죠 화이팅입니다
ne**,2020년 10월 8일,5,no,마담 얼그레이 크림번/1+햄&치즈누룽지 파니니/1+티타임 레몬 슈가 파운드/1+진한 녹차 브라우니/1+치즈 브라우니/1,맛있게 잘먹었어요^^
ne**,2020년 9월 27일,5,no,열두가지 곡물 식빵/1+달콤바삭 연유스틱/1+밤이 듬뿍 맘모스（대）/1+순수한맛 순우유롤（봉）/1+부드러운카스테라/1+NEW 정통고로케/1+쫄깃한찹쌀도넛/2+바닐라 카라멜 뚱카롱/1,뚜레쥬르에서 처음 시켜보는거라 조리를 해서 배달을 하는게 아니라 예상시간보다 좀 빠를거라 생각해서 기대했지만 배달이 무척 빠른건아니었지만 그래도 만족합니다. 잘받았습니다.
ne**,2020년 9월 23일,5,no,밤이 듬뿍 맘모스（대）/1+추억의 사라다고로케/3,호박패스트리 참 맛있었어요~
ua**,2020년 9월 21일,5,no,오!해피 복숭아 케이크/1(케이크칼 선택(선택안함)+큰초선택(큰초（0개）)+작은초선택(작은초（0개）)+파티용품선택(선택없음)),가격도 만족하고 좋아요
al**,2020년 9월 21일,5,no,단팥빵/1+추억의 사라다고로케/1+골든고구마패스트리/1+햄&포테이토샐러드샌드위치/1,배송바르고 맛있엉ㅅ
wl**,2020년 9월 19일,5,yes,호두파운드/1,빵 향기와 맛이 정말 근사합니다. 빵을 바라보는 것만으로도 힐링이 됩니다. 밤이 듬뿍 맘모스는 정말 맛있습니다. 기분까지 행복하게 해 주네요^^
23**,2020년 9월 19일,5,no,호두파운드/1,굿굿굿 👍 👍 👍 👍 👍 👍
wl**,2020년 9월 18일,5,no,데일리우유식빵/1+밤이 듬뿍 맘모스（대）/1+빵속에리얼초코/1+카페모카빵（대）/1,빠른 배달 감사합니다🙂
ne**,2020년 9월 18일,5,no,티타임 카라멜 호두 파운드/1+완두앙금빵/1+호박패스트리식빵/1+뚜레쥬르가 만든 신선한 우유 （930ml）/1,맛있게 먹었어요
,2020년 9월 16일,5,yes,달콤바삭 연유스틱/2+치즈방앗간（3개）/1+BELT샌드위치/1,배달도 빠르고 짱 좋아요
ne**,2020년 9월 7일,5,yes,리얼초코소라빵/1+BELT샌드위치/2,친절하시구 넘 맛있어요
ne**,2020년 8월 11일,5,yes,호두연유바게트/2+NEW어니언소시지포카치아/1+미니햄치즈롤 （10개입／봉）/1,맛나요~~ 배송도 정확하고..~
wl**,2020년 8월 7일,5,yes,쏙쏙 토스트/1+쁘띠한라봉&오렌지케이크/1+아이스카페라떼/1,잘받았습니다~~~~
,2020년 6월 14일,5,yes,쫄깃한찹쌀도넛/1+BELT샌드위치/2,배달빠르고 샌드위치 신선해요
,2020년 6월 13일,4,yes,슈크림빵/1+바베큐치킨마요롤피자/1+떠먹는쁘띠티라미수/1,맛있네요 오자마자 다 먹었어요
ne**,2020년 6월 13일,5,yes,데일리우유식빵/1+순수한맛 순우유롤（봉）/1+햄치즈&에그샐러드샌드위치/1,배달도 빠르고 호두바게트 느므 맛나요
ne**,2020년 6월 12일,5,no,명란바사삭/1+카페카야번/1+NEW어니언소시지포카치아/1+미니햄치즈롤 （10개입／봉）/1+오리지널 크라상/1,이제서야 리뷰쓰네요 비오는데도 배달 잘왔어요
li**,2020년 6월 11일,5,yes,生生생크림식빵/2+치즈방앗간（3개）/1+후레쉬크림빵/1,늘 편하게 잘 먹고 있어요. 번창하세요
ua**,2020년 6월 10일,5,yes,밤이 듬뿍 맘모스（대）/1+사르르 고구마케이크 빵/2+카페카야번/1+옛날 꽈배기 도넛/1,맛있게 먹었습니다~~~~
wo**,2020년 6월 9일,5,yes,데일리우유식빵/1+生生생크림식빵/1+치즈방앗간（3개）/1+NEW어니언소시지포카치아/1,배달 빠르고 좋아요~~
in**,2020년 5월 15일,5,yes,겹겹이초코퐁당/1+NEW어니언소시지포카치아/1+미니햄치즈롤 （10개입／봉）/2,잘 먹었습니다~~^^
,2020년 5월 14일,5,yes,밤이 듬뿍 맘모스（대）/1+NEW어니언소시지포카치아/2+뚜레쥬르가 만든 신선한 우유（1000ml）/1,맛있네요 배달도 빠르고
ap**,2020년 5월 13일,5,yes,연유버터라우겐/1+빵속에리얼초코/1+카페카야번/1+부드러운카스테라/1+옥수수범벅/1+프리미엄단팥도넛/1,잘먹엇어요 행사해서 싸게 구매
ky**,2020년 5월 13일,5,yes,치즈방앗간（3개）/1+달콩찹쌀브레드/1+소보로빵/1+부드러운후레쉬크림샌드빵/1,생크림식빵 맛있네요
ap**,2020년 5월 12일,5,yes,生生생크림식빵/1+후레쉬크림빵/1+미니치즈롤（봉）/1+미니햄치즈롤 （10개입／봉）/1,아쉬운건 호두 바게뜨가 없다는거 ㅜㅜ
ha**,2020년 5월 11일,5,yes,데일리우유식빵/1+통우유식빵（Half）/1+호두연유바게트/1+미니햄치즈롤 （10개입／봉）/1,빠르게 받았습니다~~~
ho**,2020년 3월 15일,5,yes,매콤달콤소시지/1+담백한부추계란빵/1+명란바사삭/1+밤이 듬뿍 맘모스（대）/1+낙엽소시지브레드/1+추억의 사라다고로케/1,맛잇게 잘먹엇오여~~
la**,2020년 2월 10일,4,yes,순수한맛 순우유식빵/1+황금파이만주/1+그랑드카페 아메리카노（HOT）/1+아이스카페라떼/1,애용하던 베이커리인데 배달도 되니 편하네요
rl**,2020년 1월 4일,5,yes,달콩찹쌀브레드/1+데일리우유식빵/1+후레쉬크림빵/1+NEW어니언소시지포카치아/1+추억의 사라다고로케/1,빨리 오구 맛도 좋네요
,2019년 12월 12일,4,no,밤이 듬뿍 맘모스（대）/1+낙엽소시지브레드/1+BELT샌드위치/1,팡이 부드럽고 맛있어요
,2019년 12월 10일,5,yes,슈크림소보로/1+쫄깃한찹쌀도넛/1+리얼브라우니/1+그랑드카페 아이스아메리카노/1+페리에（레몬+라임 중 랜덤）/1,배달 빨라요 빵 신선하고 맛있어요.
iz**,2019년 12월 9일,5,yes,새콤달콤유자파이/1+블루베리더블크림롤케이크/1,배달한 빵이랑 커피랑 잘왔어요~
yo**,2019년 12월 9일,5,yes,빵속에리얼초코/1+리얼초코소라빵/1+NEW빵속에순우유/2+딸기스무디/1,빠른배송 감사합니다.
,2019년 12월 8일,5,no,사르르 고구마케이크 빵/1+슈크림소보로/1+새콤달콤유자파이/1+BELT샌드위치/1,배달많이느려요 맘모스빵 맛있는데 샌드위치는 가성비별로입니다
sd**,2019년 12월 7일,5,yes,렛츠트위스트/1+콥샐러드/1+아이스카페라떼/1,배달예상시각보다 빨랐어요 배달해주신분도 친절하셔서 기분좋게 빵 받았어요 슈크림소보루 브라우니 찹쌀도넛 셋다 맛있게 먹었어요 ^♡^ 음료도 쏟아지지 않게 글래드랩으로 막아서 주셨네요 ㅎㅎ 종종시켜먹을게요 번창하세요
ap**,2019년 12월 4일,5,no,데일리우유식빵/1+추억의 사라다고로케/1+호두연유바게트/1+미니치즈롤（봉）/1,할인행사기간이라 이틀연속 주문했는데 바빠서 리뷰가 많이 늦었네요.. 전에 몇 번 먹어봤던 클래식롤케익 말고 블루베리 롤을 먹어본적이 없어서 한번 주문해봤는데 개인적으론 그냥 클래식롤케익이 더 괜찮은거 같네요.. 맛도 그렇고 케익양도 클래식롤보다 좀 더 적은거 같고 가격도 천원 더 비싸고 먹으면서 '클래식롤 주문할걸' 하면서 후회도 했네요.. 다음에도 이런 할인행사가 종종 있으면 자주 주문할거 같에요..
